date,id,totalDownloads,latestVersion
2025-12-09,Cerbi.Governance.Core,4027,1.0.13
2025-12-09,Cerbi.Governance.Runtime,2881,1.1.7
2025-12-09,Cerbi.MEL.Governance,7111,1.0.42
2025-12-09,Cerbi.Serilog.Governance,123,1.3.0
2025-12-09,Cerbi.Serilog.GovernanceAnalyzer,1639,1.3.4
2025-12-09,CerbiSharp.Infrastructure.Autofact,178,1.0.0
2025-12-09,CerbiStream,12428,1.1.80
2025-12-09,CerbiStream.GovernanceAnalyzer,6908,1.2.1
2025-12-10,Cerbi.Governance.Core,4073,1.0.13
2025-12-10,Cerbi.Governance.Runtime,2882,1.1.7
2025-12-10,Cerbi.MEL.Governance,7113,1.0.42
2025-12-10,Cerbi.Serilog.Governance,123,1.3.0
2025-12-10,Cerbi.Serilog.GovernanceAnalyzer,1643,1.3.4
2025-12-10,CerbiSharp.Infrastructure.Autofact,178,1.0.0
2025-12-10,CerbiStream,12445,1.1.80
2025-12-10,CerbiStream.GovernanceAnalyzer,6911,1.2.1
2025-12-11,Cerbi.Governance.Core,4080,1.0.13
2025-12-11,Cerbi.Governance.Runtime,2888,1.1.7
2025-12-11,Cerbi.MEL.Governance,7118,1.0.42
2025-12-11,Cerbi.Serilog.Governance,124,1.3.0
2025-12-11,Cerbi.Serilog.GovernanceAnalyzer,1645,1.3.4
2025-12-11,CerbiSharp.Infrastructure.Autofact,178,1.0.0
2025-12-11,CerbiStream,12460,1.1.80
2025-12-11,CerbiStream.GovernanceAnalyzer,6930,1.4.46
2025-12-12,Cerbi.Governance.Core,4101,1.0.13
2025-12-12,Cerbi.Governance.Runtime,2889,1.1.7
2025-12-12,Cerbi.MEL.Governance,7118,1.0.42
2025-12-12,Cerbi.Serilog.Governance,124,1.3.0
2025-12-12,Cerbi.Serilog.GovernanceAnalyzer,1645,1.3.4
2025-12-12,CerbiSharp.Infrastructure.Autofact,178,1.0.0
2025-12-12,CerbiStream,12464,1.1.80
2025-12-12,CerbiStream.GovernanceAnalyzer,7126,1.4.46
2025-12-13,Cerbi.Governance.Core,4108,1.0.13
2025-12-13,Cerbi.Governance.Runtime,2894,1.1.7
2025-12-13,Cerbi.MEL.Governance,7157,1.0.42
2025-12-13,Cerbi.Serilog.Governance,125,1.3.0
2025-12-13,Cerbi.Serilog.GovernanceAnalyzer,1646,1.3.4
2025-12-13,CerbiSharp.Infrastructure.Autofact,179,1.0.0
2025-12-13,CerbiStream,12508,1.1.80
2025-12-13,CerbiStream.GovernanceAnalyzer,7848,1.4.46
2025-12-14,Cerbi.Governance.Core,4121,1.0.13
2025-12-14,Cerbi.Governance.Runtime,2900,1.1.7
2025-12-14,Cerbi.MEL.Governance,7169,1.0.42
2025-12-14,Cerbi.Serilog.Governance,127,1.3.0
2025-12-14,Cerbi.Serilog.GovernanceAnalyzer,1656,1.3.4
2025-12-14,CerbiSharp.Infrastructure.Autofact,179,1.0.0
2025-12-14,CerbiStream,12542,1.1.80
2025-12-14,CerbiStream.GovernanceAnalyzer,8737,1.4.46
2025-12-15,Cerbi.CerbiShield.Contracts,0,0.1.0
2025-12-15,Cerbi.Governance.Core,4127,1.0.13
2025-12-15,Cerbi.Governance.Runtime,2900,1.1.7
2025-12-15,Cerbi.MEL.Governance,7184,1.0.42
2025-12-15,Cerbi.Serilog.Governance,127,1.3.0
2025-12-15,Cerbi.Serilog.GovernanceAnalyzer,1657,1.3.4
2025-12-15,CerbiSharp.Infrastructure.Autofact,179,1.0.0
2025-12-15,CerbiStream,12562,1.1.80
2025-12-15,CerbiStream.GovernanceAnalyzer,8807,1.4.46
2025-12-16,Cerbi.CerbiShield.Contracts,33,0.1.0
2025-12-16,Cerbi.CerbiStream.Auth,19,1.0.0
2025-12-16,Cerbi.Governance.Core,4132,1.0.13
2025-12-16,Cerbi.Governance.Runtime,2904,1.1.7
2025-12-16,Cerbi.MEL.Governance,7188,1.0.42
2025-12-16,Cerbi.Serilog.Governance,128,1.3.0
2025-12-16,Cerbi.Serilog.GovernanceAnalyzer,1659,1.3.4
2025-12-16,CerbiSharp.Infrastructure.Autofact,179,1.0.0
2025-12-16,CerbiStream,12568,1.1.80
2025-12-16,CerbiStream.GovernanceAnalyzer,8809,1.4.46
2025-12-17,Cerbi.CerbiShield.Contracts,79,0.1.0
2025-12-17,Cerbi.CerbiStream.Auth,40,1.0.0
2025-12-17,Cerbi.Governance.Core,4133,1.0.13
2025-12-17,Cerbi.Governance.Runtime,2905,1.1.7
2025-12-17,Cerbi.MEL.Governance,7189,1.0.44
2025-12-17,Cerbi.Serilog.Governance,128,1.3.0
2025-12-17,Cerbi.Serilog.GovernanceAnalyzer,1665,1.3.4
2025-12-17,CerbiSharp.Infrastructure.Autofact,179,1.0.0
2025-12-17,CerbiStream,12571,1.1.80
2025-12-17,CerbiStream.GovernanceAnalyzer,8841,1.4.46
2025-12-18,Cerbi.CerbiShield.Contracts,87,0.1.0
2025-12-18,Cerbi.CerbiStream.Auth,40,1.0.0
2025-12-18,Cerbi.Governance.Core,4160,1.0.13
2025-12-18,Cerbi.Governance.Runtime,2915,1.1.7
2025-12-18,Cerbi.MEL.Governance,7254,1.0.44
2025-12-18,Cerbi.Serilog.Governance,128,1.3.0
2025-12-18,Cerbi.Serilog.GovernanceAnalyzer,1710,1.3.4
2025-12-18,CerbiSharp.Infrastructure.Autofact,179,1.0.0
2025-12-18,CerbiStream,12576,1.1.80
2025-12-18,CerbiStream.GovernanceAnalyzer,8937,1.4.46
2025-12-19,Cerbi.CerbiShield.Contracts,90,0.1.0
2025-12-19,Cerbi.CerbiStream.Auth,40,1.0.0
2025-12-19,Cerbi.Governance.Core,4172,1.0.13
2025-12-19,Cerbi.Governance.Runtime,2920,1.1.7
2025-12-19,Cerbi.MEL.Governance,7263,1.0.44
2025-12-19,Cerbi.Serilog.Governance,128,1.3.0
2025-12-19,Cerbi.Serilog.GovernanceAnalyzer,1723,1.3.4
2025-12-19,CerbiSharp.Infrastructure.Autofact,179,1.0.0
2025-12-19,CerbiStream,12577,1.1.80
2025-12-19,CerbiStream.GovernanceAnalyzer,8980,1.4.46
2025-12-20,Cerbi.CerbiShield.Contracts,196,0.1.0
2025-12-20,Cerbi.CerbiStream.Auth,131,1.0.2
2025-12-20,Cerbi.Governance.Core,4243,1.0.15
2025-12-20,Cerbi.Governance.Runtime,2982,1.1.8
2025-12-20,Cerbi.MEL.Governance,7496,1.0.45
2025-12-20,Cerbi.Serilog.Governance,128,1.3.0
2025-12-20,Cerbi.Serilog.GovernanceAnalyzer,1880,1.3.4
2025-12-20,CerbiSharp.Infrastructure.Autofact,179,1.0.0
2025-12-20,CerbiStream,12611,1.1.82
2025-12-20,CerbiStream.GovernanceAnalyzer,8989,1.4.46
2025-12-21,Cerbi.CerbiShield.Contracts,232,0.1.0
2025-12-21,Cerbi.CerbiStream.Auth,293,1.0.2
2025-12-21,Cerbi.Governance.Core,4340,1.0.15
2025-12-21,Cerbi.Governance.Runtime,3072,1.1.9
2025-12-21,Cerbi.MEL.Governance,7744,1.0.46
2025-12-21,Cerbi.Serilog.Governance,129,1.3.0
2025-12-21,Cerbi.Serilog.GovernanceAnalyzer,2043,1.3.4
2025-12-21,CerbiSharp.Infrastructure.Autofact,179,1.0.0
2025-12-21,CerbiStream,12734,1.1.83
2025-12-21,CerbiStream.GovernanceAnalyzer,9007,1.4.46
2025-12-22,Cerbi.CerbiShield.Contracts,252,0.1.0
2025-12-22,Cerbi.CerbiStream.Auth,316,1.0.2
2025-12-22,Cerbi.Governance.Core,4430,1.0.15
2025-12-22,Cerbi.Governance.Runtime,3149,1.1.10
2025-12-22,Cerbi.MEL.Governance,7889,1.0.48
2025-12-22,Cerbi.Serilog.Governance,132,1.3.0
2025-12-22,Cerbi.Serilog.GovernanceAnalyzer,2132,1.3.4
2025-12-22,CerbiSharp.Infrastructure.Autofact,180,1.0.0
2025-12-22,CerbiStream,12904,1.1.83
2025-12-22,CerbiStream.GovernanceAnalyzer,9058,1.4.46
2025-12-23,Cerbi.CerbiShield.Contracts,272,0.1.0
2025-12-23,Cerbi.CerbiStream.Auth,319,1.0.2
2025-12-23,Cerbi.Governance.Core,4479,1.0.15
2025-12-23,Cerbi.Governance.Runtime,3206,1.1.10
2025-12-23,Cerbi.MEL.Governance,7972,1.0.48
2025-12-23,Cerbi.Serilog.Governance,132,1.3.0
2025-12-23,Cerbi.Serilog.GovernanceAnalyzer,2235,1.3.47
2025-12-23,CerbiSharp.Infrastructure.Autofact,180,1.0.0
2025-12-23,CerbiStream,12935,1.1.83
2025-12-23,CerbiStream.GovernanceAnalyzer,9115,1.5.48
2025-12-24,Cerbi.CerbiShield.Contracts,302,0.1.0
2025-12-24,Cerbi.CerbiStream.Auth,324,1.0.2
2025-12-24,Cerbi.Governance.Core,4530,1.0.15
2025-12-24,Cerbi.Governance.Runtime,3265,1.1.10
2025-12-24,Cerbi.MEL.Governance,8121,1.0.48
2025-12-24,Cerbi.Serilog.Governance,132,1.3.0
2025-12-24,Cerbi.Serilog.GovernanceAnalyzer,2276,1.3.47
2025-12-24,CerbiSharp.Infrastructure.Autofact,180,1.0.0
2025-12-24,CerbiStream,12946,1.1.83
2025-12-24,CerbiStream.GovernanceAnalyzer,9139,1.5.48
2025-12-25,Cerbi.CerbiShield.Contracts,366,0.1.0
2025-12-25,Cerbi.CerbiStream.Auth,326,1.0.2
2025-12-25,Cerbi.Governance.Core,4657,1.0.15
2025-12-25,Cerbi.Governance.Runtime,3345,1.1.10
2025-12-25,Cerbi.MEL.Governance,8296,1.0.48
2025-12-25,Cerbi.Serilog.Governance,133,1.3.0
2025-12-25,Cerbi.Serilog.GovernanceAnalyzer,2300,1.3.47
2025-12-25,CerbiSharp.Infrastructure.Autofact,180,1.0.0
2025-12-25,CerbiStream,13049,1.1.83
2025-12-25,CerbiStream.GovernanceAnalyzer,9218,1.5.48
2025-12-26,Cerbi.CerbiShield.Contracts,421,0.1.0
2025-12-26,Cerbi.CerbiStream.Auth,405,1.0.2
2025-12-26,Cerbi.Governance.Core,4736,1.0.15
2025-12-26,Cerbi.Governance.Runtime,3430,1.1.10
2025-12-26,Cerbi.MEL.Governance,8307,1.0.48
2025-12-26,Cerbi.Serilog.Governance,134,1.3.0
2025-12-26,Cerbi.Serilog.GovernanceAnalyzer,2402,1.3.47
2025-12-26,CerbiSharp.Infrastructure.Autofact,180,1.0.0
2025-12-26,CerbiStream,13099,1.1.83
2025-12-26,CerbiStream.GovernanceAnalyzer,9270,1.5.48
2025-12-27,Cerbi.CerbiShield.Contracts,496,0.1.0
2025-12-27,Cerbi.CerbiStream.Auth,405,1.0.2
2025-12-27,Cerbi.Governance.Core,4814,1.0.15
2025-12-27,Cerbi.Governance.Runtime,3666,1.1.10
2025-12-27,Cerbi.MEL.Governance,8496,1.0.48
2025-12-27,Cerbi.Serilog.Governance,134,1.3.0
2025-12-27,Cerbi.Serilog.GovernanceAnalyzer,2762,1.3.47
2025-12-27,CerbiSharp.Infrastructure.Autofact,180,1.0.0
2025-12-27,CerbiStream,13163,1.1.83
2025-12-27,CerbiStream.GovernanceAnalyzer,9430,1.5.48
2025-12-28,Cerbi.CerbiShield.Contracts,496,0.1.0
2025-12-28,Cerbi.CerbiStream.Auth,405,1.0.2
2025-12-28,Cerbi.Governance.Core,4819,1.0.15
2025-12-28,Cerbi.Governance.Runtime,3675,1.1.10
2025-12-28,Cerbi.MEL.Governance,8524,1.0.48
2025-12-28,Cerbi.Serilog.Governance,134,1.3.0
2025-12-28,Cerbi.Serilog.GovernanceAnalyzer,2786,1.3.47
2025-12-28,CerbiSharp.Infrastructure.Autofact,180,1.0.0
2025-12-28,CerbiStream,13186,1.1.83
2025-12-28,CerbiStream.GovernanceAnalyzer,9453,1.5.48
2025-12-29,Cerbi.CerbiShield.Contracts,498,0.1.0
2025-12-29,Cerbi.CerbiStream.Auth,407,1.0.2
2025-12-29,Cerbi.Governance.Core,4831,1.0.15
2025-12-29,Cerbi.Governance.Runtime,3680,1.1.10
2025-12-29,Cerbi.MEL.Governance,8556,1.0.48
2025-12-29,Cerbi.Serilog.Governance,135,1.3.0
2025-12-29,Cerbi.Serilog.GovernanceAnalyzer,2793,1.3.47
2025-12-29,CerbiSharp.Infrastructure.Autofact,181,1.0.0
2025-12-29,CerbiStream,13229,1.1.85
2025-12-29,CerbiStream.GovernanceAnalyzer,9484,1.5.49
2025-12-30,Cerbi.CerbiShield.Contracts,505,0.1.0
2025-12-30,Cerbi.CerbiStream.Auth,407,1.0.2
2025-12-30,Cerbi.Governance.Core,4847,1.0.15
2025-12-30,Cerbi.Governance.Runtime,3694,1.1.10
2025-12-30,Cerbi.MEL.Governance,8571,1.0.48
2025-12-30,Cerbi.Serilog.Governance,135,1.3.0
2025-12-30,Cerbi.Serilog.GovernanceAnalyzer,2793,1.3.47
2025-12-30,CerbiSharp.Infrastructure.Autofact,181,1.0.0
2025-12-30,CerbiStream,13305,1.1.85
2025-12-30,CerbiStream.GovernanceAnalyzer,9531,1.5.49
2025-12-31,Cerbi.CerbiShield.Contracts,505,0.1.0
2025-12-31,Cerbi.CerbiStream.Auth,407,1.0.2
2025-12-31,Cerbi.Governance.Core,4851,1.0.15
2025-12-31,Cerbi.Governance.Runtime,3695,1.1.10
2025-12-31,Cerbi.MEL.Governance,8583,1.0.48
2025-12-31,Cerbi.Serilog.Governance,135,1.3.0
2025-12-31,Cerbi.Serilog.GovernanceAnalyzer,2797,1.3.47
2025-12-31,CerbiSharp.Infrastructure.Autofact,181,1.0.0
2025-12-31,CerbiStream,13330,1.1.85
2025-12-31,CerbiStream.GovernanceAnalyzer,9548,1.5.49
2026-01-01,Cerbi.CerbiShield.Contracts,519,0.1.0
2026-01-01,Cerbi.CerbiStream.Auth,407,1.0.2
2026-01-01,Cerbi.Governance.Core,4875,1.0.15
2026-01-01,Cerbi.Governance.Runtime,3711,1.1.10
2026-01-01,Cerbi.MEL.Governance,8588,1.0.48
2026-01-01,Cerbi.Serilog.Governance,135,1.3.0
2026-01-01,Cerbi.Serilog.GovernanceAnalyzer,2797,1.3.47
2026-01-01,CerbiSharp.Infrastructure.Autofact,181,1.0.0
2026-01-01,CerbiStream,13376,1.1.86
2026-01-01,CerbiStream.GovernanceAnalyzer,9571,1.5.49
2026-01-02,Cerbi.CerbiShield.Contracts,548,0.1.0
2026-01-02,Cerbi.CerbiStream.Auth,413,1.0.2
2026-01-02,Cerbi.Governance.Core,4925,1.0.15
2026-01-02,Cerbi.Governance.Runtime,3739,1.1.10
2026-01-02,Cerbi.MEL.Governance,8593,1.0.48
2026-01-02,Cerbi.Serilog.Governance,136,1.3.0
2026-01-02,Cerbi.Serilog.GovernanceAnalyzer,2799,1.3.47
2026-01-02,CerbiSharp.Infrastructure.Autofact,181,1.0.0
2026-01-02,CerbiStream,13461,1.1.86
2026-01-02,CerbiStream.GovernanceAnalyzer,9596,1.5.49
2026-01-03,Cerbi.CerbiShield.Contracts,555,0.1.0
2026-01-03,Cerbi.CerbiStream.Auth,420,1.0.2
2026-01-03,Cerbi.Governance.Core,4953,1.0.15
2026-01-03,Cerbi.Governance.Runtime,3755,1.1.10
2026-01-03,Cerbi.MEL.Governance,8613,1.0.48
2026-01-03,Cerbi.Serilog.Governance,138,1.3.0
2026-01-03,Cerbi.Serilog.GovernanceAnalyzer,2813,1.3.47
2026-01-03,CerbiSharp.Infrastructure.Autofact,181,1.0.0
2026-01-03,CerbiStream,13506,1.1.86
2026-01-03,CerbiStream.GovernanceAnalyzer,9613,1.5.49
2026-01-04,Cerbi.CerbiShield.Contracts,584,0.1.0
2026-01-04,Cerbi.CerbiStream.Auth,450,1.0.2
2026-01-04,Cerbi.Governance.Core,4995,1.0.15
2026-01-04,Cerbi.Governance.Runtime,3775,1.1.10
2026-01-04,Cerbi.MEL.Governance,8623,1.0.48
2026-01-04,Cerbi.Serilog.Governance,138,1.3.0
2026-01-04,Cerbi.Serilog.GovernanceAnalyzer,2819,1.3.47
2026-01-04,CerbiSharp.Infrastructure.Autofact,183,1.0.0
2026-01-04,CerbiStream,13549,1.1.86
2026-01-04,CerbiStream.GovernanceAnalyzer,9616,1.5.49
2026-01-05,Cerbi.CerbiShield.Contracts,596,0.1.0
2026-01-05,Cerbi.CerbiStream.Auth,463,1.0.2
2026-01-05,Cerbi.Governance.Core,5020,1.0.15
2026-01-05,Cerbi.Governance.Runtime,3789,1.1.10
2026-01-05,Cerbi.MEL.Governance,8628,1.0.48
2026-01-05,Cerbi.Serilog.Governance,138,1.3.0
2026-01-05,Cerbi.Serilog.GovernanceAnalyzer,2823,1.3.47
2026-01-05,CerbiSharp.Infrastructure.Autofact,183,1.0.0
2026-01-05,CerbiStream,13570,1.1.86
2026-01-05,CerbiStream.GovernanceAnalyzer,9621,1.5.49
2026-01-06,Cerbi.CerbiShield.Contracts,640,0.1.0
2026-01-06,Cerbi.CerbiStream.Auth,507,1.0.2
2026-01-06,Cerbi.Governance.Core,5106,1.0.15
2026-01-06,Cerbi.Governance.Runtime,3833,1.1.10
2026-01-06,Cerbi.MEL.Governance,8638,1.0.48
2026-01-06,Cerbi.Serilog.Governance,138,1.3.0
2026-01-06,Cerbi.Serilog.GovernanceAnalyzer,2826,1.3.47
2026-01-06,CerbiSharp.Infrastructure.Autofact,183,1.0.0
2026-01-06,CerbiStream,13635,1.1.86
2026-01-06,CerbiStream.GovernanceAnalyzer,9628,1.5.49
2026-01-07,Cerbi.CerbiShield.Contracts,641,0.1.0
2026-01-07,Cerbi.CerbiStream.Auth,507,1.0.2
2026-01-07,Cerbi.Governance.Core,5115,1.0.15
2026-01-07,Cerbi.Governance.Runtime,3837,1.1.10
2026-01-07,Cerbi.MEL.Governance,8660,1.0.48
2026-01-07,Cerbi.Serilog.Governance,138,1.3.0
2026-01-07,Cerbi.Serilog.GovernanceAnalyzer,2829,1.3.47
2026-01-07,CerbiSharp.Infrastructure.Autofact,183,1.0.0
2026-01-07,CerbiStream,13672,1.1.86
2026-01-07,CerbiStream.GovernanceAnalyzer,9644,1.5.49
2026-01-08,Cerbi.CerbiShield.Contracts,662,0.1.0
2026-01-08,Cerbi.CerbiStream.Auth,520,1.0.2
2026-01-08,Cerbi.Governance.Core,5152,1.0.15
2026-01-08,Cerbi.Governance.Runtime,3861,1.1.10
2026-01-08,Cerbi.MEL.Governance,8688,1.0.48
2026-01-08,Cerbi.Serilog.Governance,138,1.3.0
2026-01-08,Cerbi.Serilog.GovernanceAnalyzer,2835,1.3.47
2026-01-08,CerbiSharp.Infrastructure.Autofact,183,1.0.0
2026-01-08,CerbiStream,13737,1.1.86
2026-01-08,CerbiStream.GovernanceAnalyzer,9671,1.5.49
2026-01-09,Cerbi.CerbiShield.Contracts,671,0.1.0
2026-01-09,Cerbi.CerbiStream.Auth,520,1.0.2
2026-01-09,Cerbi.Governance.Core,5171,1.0.15
2026-01-09,Cerbi.Governance.Runtime,3882,1.1.10
2026-01-09,Cerbi.MEL.Governance,8736,1.0.48
2026-01-09,Cerbi.Serilog.Governance,139,1.3.0
2026-01-09,Cerbi.Serilog.GovernanceAnalyzer,2845,1.3.47
2026-01-09,CerbiSharp.Infrastructure.Autofact,183,1.0.0
2026-01-09,CerbiStream,13812,1.1.86
2026-01-09,CerbiStream.GovernanceAnalyzer,9704,1.5.49
2026-01-10,Cerbi.CerbiShield.Contracts,673,0.1.0
2026-01-10,Cerbi.CerbiStream.Auth,520,1.0.2
2026-01-10,Cerbi.Governance.Core,5174,1.0.15
2026-01-10,Cerbi.Governance.Runtime,3886,1.1.10
2026-01-10,Cerbi.MEL.Governance,8745,1.0.48
2026-01-10,Cerbi.Serilog.Governance,140,1.3.0
2026-01-10,Cerbi.Serilog.GovernanceAnalyzer,2852,1.3.47
2026-01-10,CerbiSharp.Infrastructure.Autofact,183,1.0.0
2026-01-10,CerbiStream,13827,1.1.86
2026-01-10,CerbiStream.GovernanceAnalyzer,9717,1.5.49
2026-01-11,Cerbi.CerbiShield.Contracts,674,0.1.0
2026-01-11,Cerbi.CerbiStream.Auth,520,1.0.2
2026-01-11,Cerbi.Governance.Core,5177,1.0.15
2026-01-11,Cerbi.Governance.Runtime,3886,1.1.10
2026-01-11,Cerbi.MEL.Governance,8751,1.0.48
2026-01-11,Cerbi.Serilog.Governance,140,1.3.0
2026-01-11,Cerbi.Serilog.GovernanceAnalyzer,2853,1.3.47
2026-01-11,CerbiSharp.Infrastructure.Autofact,183,1.0.0
2026-01-11,CerbiStream,13844,1.1.86
2026-01-11,CerbiStream.GovernanceAnalyzer,9787,1.5.49
2026-01-12,Cerbi.CerbiShield.Contracts,674,0.1.0
2026-01-12,Cerbi.CerbiStream.Auth,522,1.0.2
2026-01-12,Cerbi.Governance.Core,5180,1.0.15
2026-01-12,Cerbi.Governance.Runtime,3888,1.1.10
2026-01-12,Cerbi.MEL.Governance,8766,1.0.48
2026-01-12,Cerbi.Serilog.Governance,140,1.3.0
2026-01-12,Cerbi.Serilog.GovernanceAnalyzer,2861,1.3.47
2026-01-12,CerbiSharp.Infrastructure.Autofact,183,1.0.0
2026-01-12,CerbiStream,13855,1.1.86
2026-01-12,CerbiStream.GovernanceAnalyzer,9801,1.5.49
2026-01-13,Cerbi.CerbiShield.Contracts,675,0.1.0
2026-01-13,Cerbi.CerbiStream.Auth,524,1.0.2
2026-01-13,Cerbi.Governance.Core,5184,1.0.15
2026-01-13,Cerbi.Governance.Runtime,3891,1.1.10
2026-01-13,Cerbi.MEL.Governance,8777,1.0.48
2026-01-13,Cerbi.Serilog.Governance,140,1.3.0
2026-01-13,Cerbi.Serilog.GovernanceAnalyzer,2866,1.3.47
2026-01-13,CerbiSharp.Infrastructure.Autofact,183,1.0.0
2026-01-13,CerbiStream,13866,1.1.86
2026-01-13,CerbiStream.GovernanceAnalyzer,9812,1.5.49
2026-01-14,Cerbi.CerbiShield.Contracts,675,0.1.0
2026-01-14,Cerbi.CerbiStream.Auth,524,1.0.2
2026-01-14,Cerbi.Governance.Core,5188,1.0.15
2026-01-14,Cerbi.Governance.Runtime,3894,1.1.10
2026-01-14,Cerbi.MEL.Governance,8791,1.0.48
2026-01-14,Cerbi.Serilog.Governance,141,1.3.0
2026-01-14,Cerbi.Serilog.GovernanceAnalyzer,2870,1.3.47
2026-01-14,CerbiSharp.Infrastructure.Autofact,183,1.0.0
2026-01-14,CerbiStream,13891,1.1.86
2026-01-14,CerbiStream.GovernanceAnalyzer,9822,1.5.49
2026-01-15,Cerbi.CerbiShield.Contracts,696,0.1.0
2026-01-15,Cerbi.CerbiStream.Auth,543,1.0.2
2026-01-15,Cerbi.Governance.Core,5248,1.0.15
2026-01-15,Cerbi.Governance.Runtime,3920,1.1.10
2026-01-15,Cerbi.MEL.Governance,8820,1.0.48
2026-01-15,Cerbi.Serilog.Governance,142,1.3.0
2026-01-15,Cerbi.Serilog.GovernanceAnalyzer,2880,1.3.47
2026-01-15,CerbiSharp.Infrastructure.Autofact,183,1.0.0
2026-01-15,CerbiStream,13955,1.1.86
2026-01-15,CerbiStream.GovernanceAnalyzer,9846,1.5.49
2026-01-16,Cerbi.CerbiShield.Contracts,699,0.1.0
2026-01-16,Cerbi.CerbiStream.Auth,544,1.0.2
2026-01-16,Cerbi.Governance.Core,5257,1.0.15
2026-01-16,Cerbi.Governance.Runtime,3925,1.1.10
2026-01-16,Cerbi.MEL.Governance,8833,1.0.48
2026-01-16,Cerbi.Serilog.Governance,143,1.3.0
2026-01-16,Cerbi.Serilog.GovernanceAnalyzer,2886,1.3.47
2026-01-16,CerbiSharp.Infrastructure.Autofact,183,1.0.0
2026-01-16,CerbiStream,13971,1.1.86
2026-01-16,CerbiStream.GovernanceAnalyzer,9857,1.5.49
2026-01-17,Cerbi.CerbiShield.Contracts,700,0.1.0
2026-01-17,Cerbi.CerbiStream.Auth,544,1.0.2
2026-01-17,Cerbi.Governance.Core,5261,1.0.15
2026-01-17,Cerbi.Governance.Runtime,3927,1.1.10
2026-01-17,Cerbi.MEL.Governance,8851,1.0.48
2026-01-17,Cerbi.Serilog.Governance,144,1.3.0
2026-01-17,Cerbi.Serilog.GovernanceAnalyzer,2891,1.3.47
2026-01-17,CerbiSharp.Infrastructure.Autofact,183,1.0.0
2026-01-17,CerbiStream,13988,1.1.86
2026-01-17,CerbiStream.GovernanceAnalyzer,9867,1.5.49
2026-01-18,Cerbi.CerbiShield.Contracts,700,0.1.0
2026-01-18,Cerbi.CerbiStream.Auth,544,1.0.2
2026-01-18,Cerbi.Governance.Core,5266,1.0.15
2026-01-18,Cerbi.Governance.Runtime,3932,1.1.10
2026-01-18,Cerbi.MEL.Governance,8862,1.0.48
2026-01-18,Cerbi.Serilog.Governance,144,1.3.0
2026-01-18,Cerbi.Serilog.GovernanceAnalyzer,2896,1.3.47
2026-01-18,CerbiSharp.Infrastructure.Autofact,183,1.0.0
2026-01-18,CerbiStream,14007,1.1.86
2026-01-18,CerbiStream.GovernanceAnalyzer,9878,1.5.49
2026-01-19,Cerbi.CerbiShield.Contracts,720,0.1.0
2026-01-19,Cerbi.CerbiStream.Auth,564,1.0.2
2026-01-19,Cerbi.Governance.Core,5304,1.0.15
2026-01-19,Cerbi.Governance.Runtime,3954,1.1.10
2026-01-19,Cerbi.MEL.Governance,8865,1.0.48
2026-01-19,Cerbi.Serilog.Governance,144,1.3.0
2026-01-19,Cerbi.Serilog.GovernanceAnalyzer,2899,1.3.47
2026-01-19,CerbiSharp.Infrastructure.Autofact,183,1.0.0
2026-01-19,CerbiStream,14032,1.1.86
2026-01-19,CerbiStream.GovernanceAnalyzer,9891,1.5.49
2026-01-20,Cerbi.CerbiShield.Contracts,789,0.1.0
2026-01-20,Cerbi.CerbiStream.Auth,633,1.0.2
2026-01-20,Cerbi.Governance.Core,5438,1.0.15
2026-01-20,Cerbi.Governance.Runtime,4022,1.1.10
2026-01-20,Cerbi.MEL.Governance,8868,1.0.48
2026-01-20,Cerbi.Serilog.Governance,144,1.3.0
2026-01-20,Cerbi.Serilog.GovernanceAnalyzer,2901,1.3.47
2026-01-20,CerbiSharp.Infrastructure.Autofact,183,1.0.0
2026-01-20,CerbiStream,14110,1.1.86
2026-01-20,CerbiStream.GovernanceAnalyzer,9900,1.5.49
2026-01-21,Cerbi.CerbiShield.Contracts,826,0.1.0
2026-01-21,Cerbi.CerbiStream.Auth,672,1.0.2
2026-01-21,Cerbi.Governance.Core,5516,1.0.15
2026-01-21,Cerbi.Governance.Runtime,4059,1.1.10
2026-01-21,Cerbi.MEL.Governance,8873,1.0.48
2026-01-21,Cerbi.Serilog.Governance,145,1.3.0
2026-01-21,Cerbi.Serilog.GovernanceAnalyzer,2910,1.3.47
2026-01-21,CerbiSharp.Infrastructure.Autofact,183,1.0.0
2026-01-21,CerbiStream,14151,1.1.86
2026-01-21,CerbiStream.GovernanceAnalyzer,9908,1.5.49
2026-01-22,Cerbi.CerbiShield.Contracts,826,0.1.0
2026-01-22,Cerbi.CerbiStream.Auth,672,1.0.2
2026-01-22,Cerbi.Governance.Core,5517,1.0.15
2026-01-22,Cerbi.Governance.Runtime,4059,1.1.10
2026-01-22,Cerbi.MEL.Governance,8874,1.0.48
2026-01-22,Cerbi.Serilog.Governance,145,1.3.0
2026-01-22,Cerbi.Serilog.GovernanceAnalyzer,2911,1.3.47
2026-01-22,CerbiSharp.Infrastructure.Autofact,183,1.0.0
2026-01-22,CerbiStream,14154,1.1.86
2026-01-22,CerbiStream.GovernanceAnalyzer,9909,1.5.49
2026-01-23,Cerbi.CerbiShield.Contracts,904,0.1.0
2026-01-23,Cerbi.CerbiStream.Auth,750,1.0.2
2026-01-23,Cerbi.Governance.Core,5676,1.0.15
2026-01-23,Cerbi.Governance.Runtime,4137,1.1.10
2026-01-23,Cerbi.MEL.Governance,8876,1.0.48
2026-01-23,Cerbi.Serilog.Governance,145,1.3.0
2026-01-23,Cerbi.Serilog.GovernanceAnalyzer,2911,1.3.47
2026-01-23,CerbiSharp.Infrastructure.Autofact,183,1.0.0
2026-01-23,CerbiStream,14234,1.1.86
2026-01-23,CerbiStream.GovernanceAnalyzer,9918,1.5.49
2026-01-24,Cerbi.CerbiShield.Contracts,918,0.1.0
2026-01-24,Cerbi.CerbiStream.Auth,761,1.0.2
2026-01-24,Cerbi.Governance.Core,5700,1.0.15
2026-01-24,Cerbi.Governance.Runtime,4149,1.1.10
2026-01-24,Cerbi.MEL.Governance,8879,1.0.48
2026-01-24,Cerbi.Serilog.Governance,145,1.3.0
2026-01-24,Cerbi.Serilog.GovernanceAnalyzer,2911,1.3.47
2026-01-24,CerbiSharp.Infrastructure.Autofact,183,1.0.0
2026-01-24,CerbiStream,14251,1.1.86
2026-01-24,CerbiStream.GovernanceAnalyzer,9922,1.5.49
2026-01-25,Cerbi.CerbiShield.Contracts,918,0.1.0
2026-01-25,Cerbi.CerbiStream.Auth,761,1.0.2
2026-01-25,Cerbi.Governance.Core,5700,1.0.15
2026-01-25,Cerbi.Governance.Runtime,4151,1.1.10
2026-01-25,Cerbi.MEL.Governance,8885,1.0.48
2026-01-25,Cerbi.Serilog.Governance,145,1.3.0
2026-01-25,Cerbi.Serilog.GovernanceAnalyzer,2912,1.3.47
2026-01-25,CerbiSharp.Infrastructure.Autofact,183,1.0.0
2026-01-25,CerbiStream,14258,1.1.86
2026-01-25,CerbiStream.GovernanceAnalyzer,9928,1.5.49
2026-01-26,Cerbi.CerbiShield.Contracts,929,0.1.0
2026-01-26,Cerbi.CerbiStream.Auth,769,1.0.2
2026-01-26,Cerbi.Governance.Core,5728,1.0.15
2026-01-26,Cerbi.Governance.Runtime,4169,1.1.10
2026-01-26,Cerbi.MEL.Governance,8898,1.0.48
2026-01-26,Cerbi.Serilog.Governance,145,1.3.0
2026-01-26,Cerbi.Serilog.GovernanceAnalyzer,2914,1.3.47
2026-01-26,CerbiSharp.Infrastructure.Autofact,183,1.0.0
2026-01-26,CerbiStream,14281,1.1.86
2026-01-26,CerbiStream.GovernanceAnalyzer,9937,1.5.49
2026-01-27,Cerbi.CerbiShield.Contracts,929,0.1.0
2026-01-27,Cerbi.CerbiStream.Auth,769,1.0.2
2026-01-27,Cerbi.Governance.Core,5731,1.0.15
2026-01-27,Cerbi.Governance.Runtime,4173,1.1.10
2026-01-27,Cerbi.MEL.Governance,8907,1.0.48
2026-01-27,Cerbi.Serilog.Governance,145,1.3.0
2026-01-27,Cerbi.Serilog.GovernanceAnalyzer,2921,1.3.47
2026-01-27,CerbiSharp.Infrastructure.Autofact,183,1.0.0
2026-01-27,CerbiShield.Authentication-Shared,0,1.0.0
2026-01-27,CerbiStream,14297,1.1.86
2026-01-27,CerbiStream.GovernanceAnalyzer,9950,1.5.49
2026-01-28,Cerbi.CerbiShield.Contracts,929,0.1.0
2026-01-28,Cerbi.CerbiStream.Auth,769,1.0.2
2026-01-28,Cerbi.Governance.Core,5731,1.0.15
2026-01-28,Cerbi.Governance.Runtime,4173,1.1.10
2026-01-28,Cerbi.MEL.Governance,8907,1.0.48
2026-01-28,Cerbi.Serilog.Governance,145,1.3.0
2026-01-28,Cerbi.Serilog.GovernanceAnalyzer,2921,1.3.47
2026-01-28,CerbiSharp.Infrastructure.Autofact,183,1.0.0
2026-01-28,CerbiShield.Authentication-Shared,0,1.0.0
2026-01-28,CerbiStream,14297,1.1.86
2026-01-28,CerbiStream.GovernanceAnalyzer,9950,1.5.49
2026-01-29,Cerbi.CerbiShield.Contracts,929,0.1.0
2026-01-29,Cerbi.CerbiStream.Auth,769,1.0.2
2026-01-29,Cerbi.Governance.Core,5731,1.0.15
2026-01-29,Cerbi.Governance.Runtime,4173,1.1.10
2026-01-29,Cerbi.MEL.Governance,8907,1.0.48
2026-01-29,Cerbi.Serilog.Governance,145,1.3.0
2026-01-29,Cerbi.Serilog.GovernanceAnalyzer,2921,1.3.47
2026-01-29,CerbiSharp.Infrastructure.Autofact,183,1.0.0
2026-01-29,CerbiShield.Authentication-Shared,0,1.0.2
2026-01-29,CerbiStream,14297,1.1.86
2026-01-29,CerbiStream.GovernanceAnalyzer,9950,1.5.49
2026-01-30,Cerbi.CerbiShield.Contracts,1097,0.1.0
2026-01-30,Cerbi.CerbiStream.Auth,853,1.0.2
2026-01-30,Cerbi.Governance.Core,6077,1.0.15
2026-01-30,Cerbi.Governance.Runtime,4360,1.1.10
2026-01-30,Cerbi.MEL.Governance,8966,1.0.48
2026-01-30,Cerbi.Serilog.Governance,148,1.3.0
2026-01-30,Cerbi.Serilog.GovernanceAnalyzer,2942,1.3.47
2026-01-30,CerbiSharp.Infrastructure.Autofact,184,1.0.0
2026-01-30,CerbiShield.Authentication-Shared,234,1.1.0
2026-01-30,CerbiStream,14552,1.1.86
2026-01-30,CerbiStream.GovernanceAnalyzer,9992,1.5.49
2026-01-31,Cerbi.CerbiShield.Contracts,1111,0.1.0
2026-01-31,Cerbi.CerbiStream.Auth,858,1.0.2
2026-01-31,Cerbi.Governance.Core,6105,1.0.15
2026-01-31,Cerbi.Governance.Runtime,4374,1.1.10
2026-01-31,Cerbi.MEL.Governance,8980,1.0.48
2026-01-31,Cerbi.Serilog.Governance,148,1.3.0
2026-01-31,Cerbi.Serilog.GovernanceAnalyzer,2944,1.3.47
2026-01-31,CerbiSharp.Infrastructure.Autofact,184,1.0.0
2026-01-31,CerbiShield.Authentication-Shared,327,1.2.0
2026-01-31,CerbiStream,14570,1.1.86
2026-01-31,CerbiStream.GovernanceAnalyzer,9995,1.5.49
2026-02-01,Cerbi.CerbiShield.Contracts,1157,0.1.0
2026-02-01,Cerbi.CerbiStream.Auth,895,1.0.2
2026-02-01,Cerbi.Governance.Core,6188,1.0.15
2026-02-01,Cerbi.Governance.Runtime,4419,1.1.10
2026-02-01,Cerbi.MEL.Governance,8988,1.0.48
2026-02-01,Cerbi.Serilog.Governance,148,1.3.0
2026-02-01,Cerbi.Serilog.GovernanceAnalyzer,2944,1.3.47
2026-02-01,CerbiSharp.Infrastructure.Autofact,184,1.0.0
2026-02-01,CerbiShield.Authentication-Shared,427,1.2.0
2026-02-01,CerbiStream,14673,1.1.88
2026-02-01,CerbiStream.GovernanceAnalyzer,10000,1.5.49
2026-02-02,Cerbi.CerbiShield.Contracts,1206,0.1.0
2026-02-02,Cerbi.CerbiStream.Auth,899,1.0.2
2026-02-02,Cerbi.Governance.Core,6269,1.0.15
2026-02-02,Cerbi.Governance.Runtime,4469,1.1.10
2026-02-02,Cerbi.MEL.Governance,8994,1.0.48
2026-02-02,Cerbi.Serilog.Governance,148,1.3.0
2026-02-02,Cerbi.Serilog.GovernanceAnalyzer,2946,1.3.47
2026-02-02,CerbiSharp.Infrastructure.Autofact,184,1.0.0
2026-02-02,CerbiShield.Authentication-Shared,495,1.2.0
2026-02-02,CerbiStream,14765,1.1.88
2026-02-02,CerbiStream.GovernanceAnalyzer,10003,1.5.49
2026-02-03,Cerbi.CerbiShield.Contracts,1226,0.1.0
2026-02-03,Cerbi.CerbiStream.Auth,909,1.0.2
2026-02-03,Cerbi.Governance.Core,6326,1.0.15
2026-02-03,Cerbi.Governance.Runtime,4502,1.1.10
2026-02-03,Cerbi.MEL.Governance,9053,1.0.48
2026-02-03,Cerbi.Serilog.Governance,150,1.3.0
2026-02-03,Cerbi.Serilog.GovernanceAnalyzer,2964,1.3.47
2026-02-03,CerbiSharp.Infrastructure.Autofact,185,1.0.0
2026-02-03,CerbiShield.Authentication-Shared,529,1.2.0
2026-02-03,CerbiStream,14902,1.1.88
2026-02-03,CerbiStream.GovernanceAnalyzer,10047,1.5.49
2026-02-04,Cerbi.CerbiShield.Contracts,1247,0.2.0
2026-02-04,Cerbi.CerbiStream.Auth,915,1.0.2
2026-02-04,Cerbi.Governance.Core,6362,1.0.15
2026-02-04,Cerbi.Governance.Runtime,4528,1.1.10
2026-02-04,Cerbi.MEL.Governance,9060,1.0.48
2026-02-04,Cerbi.Serilog.Governance,150,1.3.0
2026-02-04,Cerbi.Serilog.GovernanceAnalyzer,2966,1.3.48
2026-02-04,CerbiSharp.Infrastructure.Autofact,185,1.0.0
2026-02-04,CerbiShield.Authentication-Shared,581,1.2.0
2026-02-04,CerbiShield.Contracts,0,1.1.0
2026-02-04,CerbiStream,14955,1.1.91
2026-02-04,CerbiStream.GovernanceAnalyzer,10051,1.5.49
2026-02-05,Cerbi.CerbiShield.Contracts,1331,0.2.0
2026-02-05,Cerbi.CerbiStream.Auth,919,1.0.2
2026-02-05,Cerbi.Governance.Core,6430,1.0.15
2026-02-05,Cerbi.Governance.Runtime,4579,1.1.10
2026-02-05,Cerbi.MEL.Governance,9066,1.0.48
2026-02-05,Cerbi.Serilog.Governance,150,1.3.0
2026-02-05,Cerbi.Serilog.GovernanceAnalyzer,2995,1.3.48
2026-02-05,CerbiSharp.Infrastructure.Autofact,185,1.0.0
2026-02-05,CerbiShield.Authentication-Shared,760,1.2.0
2026-02-05,CerbiShield.Contracts,61,1.1.0
2026-02-05,CerbiStream,15068,1.1.91
2026-02-05,CerbiStream.GovernanceAnalyzer,10054,1.5.49
2026-02-06,Cerbi.CerbiShield.Contracts,1376,0.2.0
2026-02-06,Cerbi.CerbiStream.Auth,921,1.0.2
2026-02-06,Cerbi.Governance.Core,6479,1.0.15
2026-02-06,Cerbi.Governance.Runtime,4622,1.1.10
2026-02-06,Cerbi.MEL.Governance,9074,1.0.48
2026-02-06,Cerbi.Serilog.Governance,150,1.3.0
2026-02-06,Cerbi.Serilog.GovernanceAnalyzer,3022,1.3.48
2026-02-06,CerbiSharp.Infrastructure.Autofact,187,1.0.0
2026-02-06,CerbiShield.Authentication-Shared,765,1.2.0
2026-02-06,CerbiShield.Contracts,65,1.1.0
2026-02-06,CerbiStream,15152,1.1.91
2026-02-06,CerbiStream.GovernanceAnalyzer,10063,1.5.49
2026-02-07,Cerbi.CerbiShield.Contracts,1396,0.2.0
2026-02-07,Cerbi.CerbiStream.Auth,923,1.0.2
2026-02-07,Cerbi.Governance.Core,6506,1.0.15
2026-02-07,Cerbi.Governance.Runtime,4642,1.1.10
2026-02-07,Cerbi.MEL.Governance,9082,1.0.48
2026-02-07,Cerbi.Serilog.Governance,151,1.3.0
2026-02-07,Cerbi.Serilog.GovernanceAnalyzer,3050,1.3.48
2026-02-07,CerbiSharp.Infrastructure.Autofact,187,1.0.0
2026-02-07,CerbiShield.Authentication-Shared,778,1.2.0
2026-02-07,CerbiShield.Contracts,65,1.1.0
2026-02-07,CerbiStream,15172,1.1.91
2026-02-07,CerbiStream.GovernanceAnalyzer,10086,1.5.49
2026-02-08,Cerbi.CerbiShield.Contracts,1404,0.2.0
2026-02-08,Cerbi.CerbiStream.Auth,923,1.0.2
2026-02-08,Cerbi.Governance.Core,6517,1.0.15
2026-02-08,Cerbi.Governance.Runtime,4650,1.1.10
2026-02-08,Cerbi.MEL.Governance,9088,1.0.48
2026-02-08,Cerbi.Serilog.Governance,151,1.3.0
2026-02-08,Cerbi.Serilog.GovernanceAnalyzer,3051,1.3.48
2026-02-08,CerbiSharp.Infrastructure.Autofact,187,1.0.0
2026-02-08,CerbiShield.Authentication-Shared,784,1.2.0
2026-02-08,CerbiShield.Contracts,65,1.1.0
2026-02-08,CerbiStream,15183,1.1.91
2026-02-08,CerbiStream.GovernanceAnalyzer,10090,1.5.49
2026-02-09,Cerbi.CerbiShield.Contracts,1408,0.2.0
2026-02-09,Cerbi.CerbiStream.Auth,923,1.0.2
2026-02-09,Cerbi.Governance.Core,6522,1.0.15
2026-02-09,Cerbi.Governance.Runtime,4653,1.1.10
2026-02-09,Cerbi.MEL.Governance,9101,1.0.48
2026-02-09,Cerbi.Serilog.Governance,152,1.3.0
2026-02-09,Cerbi.Serilog.GovernanceAnalyzer,3051,1.3.48
2026-02-09,CerbiSharp.Infrastructure.Autofact,187,1.0.0
2026-02-09,CerbiShield.Authentication-Shared,786,1.2.0
2026-02-09,CerbiShield.Contracts,65,1.1.0
2026-02-09,CerbiStream,15192,1.1.91
2026-02-09,CerbiStream.GovernanceAnalyzer,10092,1.5.49
2026-02-10,Cerbi.CerbiShield.Contracts,1412,0.2.0
2026-02-10,Cerbi.CerbiStream.Auth,924,1.0.2
2026-02-10,Cerbi.Governance.Core,6538,1.0.15
2026-02-10,Cerbi.Governance.Runtime,4660,1.1.10
2026-02-10,Cerbi.MEL.Governance,9151,1.0.48
2026-02-10,Cerbi.Serilog.Governance,152,1.3.0
2026-02-10,Cerbi.Serilog.GovernanceAnalyzer,3068,1.3.48
2026-02-10,CerbiSharp.Infrastructure.Autofact,187,1.0.0
2026-02-10,CerbiShield.Authentication-Shared,792,1.2.0
2026-02-10,CerbiShield.Contracts,65,1.1.0
2026-02-10,CerbiStream,15203,1.1.91
2026-02-10,CerbiStream.GovernanceAnalyzer,10136,1.5.49
2026-02-11,Cerbi.CerbiShield.Contracts,1422,0.2.0
2026-02-11,Cerbi.CerbiStream.Auth,925,1.0.2
2026-02-11,Cerbi.Governance.Core,6551,1.0.15
2026-02-11,Cerbi.Governance.Runtime,4664,1.1.10
2026-02-11,Cerbi.MEL.Governance,9158,1.0.48
2026-02-11,Cerbi.Serilog.Governance,153,1.3.0
2026-02-11,Cerbi.Serilog.GovernanceAnalyzer,3075,1.3.48
2026-02-11,CerbiSharp.Infrastructure.Autofact,188,1.0.0
2026-02-11,CerbiShield.Authentication-Shared,799,1.2.0
2026-02-11,CerbiShield.Contracts,76,1.1.0
2026-02-11,CerbiStream,15223,1.1.94
2026-02-11,CerbiStream.GovernanceAnalyzer,10151,1.5.49
2026-02-12,Cerbi.CerbiShield.Contracts,1522,0.2.0
2026-02-12,Cerbi.CerbiStream.Auth,945,1.0.2
2026-02-12,Cerbi.Governance.Core,6637,1.0.15
2026-02-12,Cerbi.Governance.Runtime,4713,1.1.10
2026-02-12,Cerbi.MEL.Governance,9183,1.0.48
2026-02-12,Cerbi.Serilog.Governance,155,1.3.0
2026-02-12,Cerbi.Serilog.GovernanceAnalyzer,3083,1.3.48
2026-02-12,CerbiSharp.Infrastructure.Autofact,188,1.0.0
2026-02-12,CerbiShield.Authentication-Shared,834,1.2.0
2026-02-12,CerbiShield.Contracts,141,1.1.0
2026-02-12,CerbiStream,15365,1.1.94
2026-02-12,CerbiStream.GovernanceAnalyzer,10167,1.5.49
2026-02-13,Cerbi.CerbiShield.Contracts,1551,0.2.0
2026-02-13,Cerbi.CerbiStream.Auth,950,1.0.2
2026-02-13,Cerbi.Governance.Core,6672,1.0.15
2026-02-13,Cerbi.Governance.Runtime,4737,1.1.10
2026-02-13,Cerbi.MEL.Governance,9201,1.0.48
2026-02-13,Cerbi.Serilog.Governance,155,1.3.0
2026-02-13,Cerbi.Serilog.GovernanceAnalyzer,3091,1.3.48
2026-02-13,CerbiSharp.Infrastructure.Autofact,188,1.0.0
2026-02-13,CerbiShield.Authentication-Shared,851,1.2.0
2026-02-13,CerbiShield.Contracts,142,1.1.0
2026-02-13,CerbiStream,15450,1.1.95
2026-02-13,CerbiStream.GovernanceAnalyzer,10183,1.5.49
2026-02-14,Cerbi.CerbiShield.Contracts,1561,0.2.0
2026-02-14,Cerbi.CerbiStream.Auth,950,1.0.2
2026-02-14,Cerbi.Governance.Core,6681,1.0.15
2026-02-14,Cerbi.Governance.Runtime,4748,1.1.10
2026-02-14,Cerbi.MEL.Governance,9228,1.0.48
2026-02-14,Cerbi.Serilog.Governance,155,1.3.0
2026-02-14,Cerbi.Serilog.GovernanceAnalyzer,3092,1.3.48
2026-02-14,CerbiSharp.Infrastructure.Autofact,188,1.0.0
2026-02-14,CerbiShield.Authentication-Shared,867,1.2.0
2026-02-14,CerbiShield.Contracts,145,1.1.0
2026-02-14,CerbiStream,15469,1.1.95
2026-02-14,CerbiStream.GovernanceAnalyzer,10197,1.5.49
2026-02-15,Cerbi.CerbiShield.Contracts,1591,0.2.0
2026-02-15,Cerbi.CerbiStream.Auth,950,1.0.2
2026-02-15,Cerbi.Governance.Core,6731,1.0.15
2026-02-15,Cerbi.Governance.Runtime,4775,1.1.10
2026-02-15,Cerbi.MEL.Governance,9235,1.0.48
2026-02-15,Cerbi.Serilog.Governance,155,1.3.0
2026-02-15,Cerbi.Serilog.GovernanceAnalyzer,3094,1.3.48
2026-02-15,CerbiSharp.Infrastructure.Autofact,188,1.0.0
2026-02-15,CerbiShield.Authentication-Shared,892,1.2.0
2026-02-15,CerbiShield.Contracts,147,1.1.0
2026-02-15,CerbiStream,15530,1.1.95
2026-02-15,CerbiStream.GovernanceAnalyzer,10200,1.5.49
2026-02-16,Cerbi.CerbiShield.Contracts,1609,0.2.0
2026-02-16,Cerbi.CerbiStream.Auth,953,1.0.2
2026-02-16,Cerbi.Governance.Core,6760,1.0.15
2026-02-16,Cerbi.Governance.Runtime,4788,1.1.10
2026-02-16,Cerbi.MEL.Governance,9239,1.0.48
2026-02-16,Cerbi.Serilog.Governance,155,1.3.0
2026-02-16,Cerbi.Serilog.GovernanceAnalyzer,3096,1.3.48
2026-02-16,CerbiSharp.Infrastructure.Autofact,188,1.0.0
2026-02-16,CerbiShield.Authentication-Shared,906,1.2.0
2026-02-16,CerbiShield.Contracts,147,1.1.0
2026-02-16,CerbiStream,15549,1.1.95
2026-02-16,CerbiStream.GovernanceAnalyzer,10203,1.5.49
2026-02-17,Cerbi.CerbiShield.Contracts,1626,0.2.0
2026-02-17,Cerbi.CerbiStream.Auth,953,1.0.2
2026-02-17,Cerbi.Governance.Core,6786,1.0.15
2026-02-17,Cerbi.Governance.Runtime,4805,1.1.10
2026-02-17,Cerbi.MEL.Governance,9245,1.0.48
2026-02-17,Cerbi.Serilog.Governance,155,1.3.0
2026-02-17,Cerbi.Serilog.GovernanceAnalyzer,3098,1.3.48
2026-02-17,CerbiSharp.Infrastructure.Autofact,188,1.0.0
2026-02-17,CerbiShield.Authentication-Shared,920,1.2.0
2026-02-17,CerbiShield.Contracts,147,1.1.0
2026-02-17,CerbiStream,15568,1.1.95
2026-02-17,CerbiStream.GovernanceAnalyzer,10207,1.5.49
2026-02-18,Cerbi.CerbiShield.Contracts,1644,0.2.0
2026-02-18,Cerbi.CerbiStream.Auth,960,1.0.2
2026-02-18,Cerbi.Governance.Core,6812,1.0.15
2026-02-18,Cerbi.Governance.Runtime,4819,1.1.10
2026-02-18,Cerbi.MEL.Governance,9249,1.0.48
2026-02-18,Cerbi.Serilog.Governance,156,1.3.0
2026-02-18,Cerbi.Serilog.GovernanceAnalyzer,3099,1.3.48
2026-02-18,CerbiSharp.Infrastructure.Autofact,188,1.0.0
2026-02-18,CerbiShield.Authentication-Shared,936,1.2.0
2026-02-18,CerbiShield.Contracts,147,1.1.0
2026-02-18,CerbiStream,15605,1.1.95
2026-02-18,CerbiStream.GovernanceAnalyzer,10213,1.5.49
2026-02-19,Cerbi.CerbiShield.Contracts,1659,0.2.0
2026-02-19,Cerbi.CerbiStream.Auth,960,1.0.2
2026-02-19,Cerbi.Governance.Core,6830,1.0.15
2026-02-19,Cerbi.Governance.Runtime,4835,1.1.10
2026-02-19,Cerbi.MEL.Governance,9255,1.0.48
2026-02-19,Cerbi.Serilog.Governance,156,1.3.0
2026-02-19,Cerbi.Serilog.GovernanceAnalyzer,3100,1.3.48
2026-02-19,CerbiSharp.Infrastructure.Autofact,188,1.0.0
2026-02-19,CerbiShield.Authentication-Shared,943,1.2.0
2026-02-19,CerbiShield.Contracts,169,1.1.0
2026-02-19,CerbiStream,15643,1.1.95
2026-02-19,CerbiStream.GovernanceAnalyzer,10220,1.5.49
2026-02-20,Cerbi.CerbiShield.Contracts,1671,0.2.0
2026-02-20,Cerbi.CerbiStream.Auth,960,1.0.2
2026-02-20,Cerbi.Governance.Core,6842,1.0.15
2026-02-20,Cerbi.Governance.Runtime,4845,1.1.10
2026-02-20,Cerbi.MEL.Governance,9261,1.0.48
2026-02-20,Cerbi.Serilog.Governance,157,1.3.0
2026-02-20,Cerbi.Serilog.GovernanceAnalyzer,3103,1.3.48
2026-02-20,CerbiSharp.Infrastructure.Autofact,188,1.0.0
2026-02-20,CerbiShield.Authentication-Shared,947,1.2.0
2026-02-20,CerbiShield.Contracts,169,1.1.0
2026-02-20,CerbiStream,15678,1.1.95
2026-02-20,CerbiStream.GovernanceAnalyzer,10222,1.5.49
2026-02-21,Cerbi.CerbiShield.Contracts,1676,0.2.0
2026-02-21,Cerbi.CerbiStream.Auth,961,1.0.2
2026-02-21,Cerbi.Governance.Core,6859,1.0.15
2026-02-21,Cerbi.Governance.Runtime,4855,1.1.10
2026-02-21,Cerbi.MEL.Governance,9299,1.0.48
2026-02-21,Cerbi.Serilog.Governance,158,1.3.0
2026-02-21,Cerbi.Serilog.GovernanceAnalyzer,3115,1.3.48
2026-02-21,CerbiSharp.Infrastructure.Autofact,189,1.0.0
2026-02-21,CerbiShield.Authentication-Shared,951,1.2.0
2026-02-21,CerbiShield.Contracts,173,1.1.0
2026-02-21,CerbiStream,15730,1.1.95
2026-02-21,CerbiStream.GovernanceAnalyzer,10255,1.5.49
2026-02-22,Cerbi.CerbiShield.Contracts,1682,0.2.0
2026-02-22,Cerbi.CerbiStream.Auth,962,1.0.2
2026-02-22,Cerbi.Governance.Core,6870,1.0.15
2026-02-22,Cerbi.Governance.Runtime,4862,1.1.10
2026-02-22,Cerbi.MEL.Governance,9329,1.0.48
2026-02-22,Cerbi.Serilog.Governance,158,1.3.0
2026-02-22,Cerbi.Serilog.GovernanceAnalyzer,3126,1.3.48
2026-02-22,CerbiSharp.Infrastructure.Autofact,189,1.0.0
2026-02-22,CerbiShield.Authentication-Shared,951,1.2.0
2026-02-22,CerbiShield.Contracts,173,1.1.0
2026-02-22,CerbiStream,15769,1.1.95
2026-02-22,CerbiStream.GovernanceAnalyzer,10270,1.5.49
2026-02-23,Cerbi.CerbiShield.Contracts,1686,0.2.0
2026-02-23,Cerbi.CerbiStream.Auth,962,1.0.2
2026-02-23,Cerbi.Governance.Core,6876,1.0.16
2026-02-23,Cerbi.Governance.Runtime,4866,1.1.10
2026-02-23,Cerbi.MEL.Governance,9334,1.0.48
2026-02-23,Cerbi.Serilog.Governance,158,1.3.0
2026-02-23,Cerbi.Serilog.GovernanceAnalyzer,3128,1.3.49
2026-02-23,CerbiSharp.Infrastructure.Autofact,189,1.0.0
2026-02-23,CerbiShield.Authentication-Shared,951,1.2.0
2026-02-23,CerbiShield.Contracts,173,1.2.0
2026-02-23,CerbiStream,15776,1.1.95
2026-02-23,CerbiStream.GovernanceAnalyzer,10273,1.5.49
2026-02-24,Cerbi.CerbiShield.Contracts,1718,0.2.0
2026-02-24,Cerbi.CerbiStream.Auth,975,1.0.2
2026-02-24,Cerbi.Governance.Core,6944,1.0.16
2026-02-24,Cerbi.Governance.Runtime,4884,1.1.10
2026-02-24,Cerbi.MEL.Governance,9338,1.0.48
2026-02-24,Cerbi.Serilog.Governance,158,1.3.0
2026-02-24,Cerbi.Serilog.GovernanceAnalyzer,3166,1.3.49
2026-02-24,CerbiSharp.Infrastructure.Autofact,189,1.0.0
2026-02-24,CerbiShield.Authentication-Shared,963,1.2.0
2026-02-24,CerbiShield.Contracts,203,1.2.0
2026-02-24,CerbiStream,15801,1.1.95
2026-02-24,CerbiStream.GovernanceAnalyzer,10278,1.5.49
2026-02-25,Cerbi.CerbiShield.Contracts,1738,0.2.0
2026-02-25,Cerbi.CerbiStream.Auth,975,1.0.2
2026-02-25,Cerbi.Governance.Core,6995,1.0.16
2026-02-25,Cerbi.Governance.Runtime,4887,1.1.10
2026-02-25,Cerbi.MEL.Governance,9342,1.0.51
2026-02-25,Cerbi.Serilog.Governance,159,1.3.0
2026-02-25,Cerbi.Serilog.GovernanceAnalyzer,3188,1.3.49
2026-02-25,CerbiSharp.Infrastructure.Autofact,189,1.0.0
2026-02-25,CerbiShield.Authentication-Shared,963,1.2.0
2026-02-25,CerbiShield.Contracts,208,1.2.0
2026-02-25,CerbiStream,15804,1.1.95
2026-02-25,CerbiStream.GovernanceAnalyzer,10281,1.5.49
2026-02-26,Cerbi.CerbiShield.Contracts,1747,0.2.0
2026-02-26,Cerbi.CerbiStream.Auth,977,1.0.2
2026-02-26,Cerbi.Governance.Core,7011,1.0.16
2026-02-26,Cerbi.Governance.Runtime,4894,1.1.10
2026-02-26,Cerbi.MEL.Governance,9379,1.0.52
2026-02-26,Cerbi.Serilog.Governance,159,1.3.0
2026-02-26,Cerbi.Serilog.GovernanceAnalyzer,3204,1.3.50
2026-02-26,CerbiSharp.Infrastructure.Autofact,189,1.0.0
2026-02-26,CerbiShield.Authentication-Shared,965,1.2.0
2026-02-26,CerbiShield.Contracts,249,1.2.0
2026-02-26,CerbiStream,15810,1.1.95
2026-02-26,CerbiStream.GovernanceAnalyzer,10283,1.5.49
2026-02-27,Cerbi.CerbiShield.Contracts,1790,0.2.0
2026-02-27,Cerbi.CerbiStream.Auth,986,1.0.2
2026-02-27,Cerbi.Governance.Core,7078,2.0.20
2026-02-27,Cerbi.Governance.Runtime,4935,1.1.10
2026-02-27,Cerbi.MEL.Governance,9415,1.0.53
2026-02-27,Cerbi.NLog.GovernanceAnalyzer,0,1.1.15
2026-02-27,Cerbi.Serilog.Governance,160,1.3.0
2026-02-27,Cerbi.Serilog.GovernanceAnalyzer,3276,1.3.50
2026-02-27,CerbiSharp.Infrastructure.Autofact,189,1.0.0
2026-02-27,CerbiShield.Authentication-Shared,979,1.2.0
2026-02-27,CerbiShield.Contracts,250,1.2.1
2026-02-27,CerbiStream,15835,1.1.102
2026-02-27,CerbiStream.GovernanceAnalyzer,10287,1.5.49
2026-02-28,Cerbi.CerbiShield.Contracts,1850,0.2.0
2026-02-28,Cerbi.CerbiStream.Auth,1004,1.0.2
2026-02-28,Cerbi.Governance.Core,7183,2.0.20
2026-02-28,Cerbi.Governance.Runtime,4983,1.1.10
2026-02-28,Cerbi.MEL.Governance,9458,1.0.53
2026-02-28,Cerbi.NLog.GovernanceAnalyzer,37,1.1.15
2026-02-28,Cerbi.Serilog.Governance,160,1.3.0
2026-02-28,Cerbi.Serilog.GovernanceAnalyzer,3331,1.3.50
2026-02-28,CerbiSharp.Infrastructure.Autofact,189,1.0.0
2026-02-28,CerbiShield.Authentication-Shared,1007,1.2.0
2026-02-28,CerbiShield.Contracts,295,1.2.1
2026-02-28,CerbiStream,15919,1.1.102
2026-02-28,CerbiStream.GovernanceAnalyzer,10306,1.5.49
2026-03-01,Cerbi.CerbiShield.Contracts,1858,0.2.0
2026-03-01,Cerbi.CerbiStream.Auth,1006,1.0.2
2026-03-01,Cerbi.Governance.Core,7219,2.0.22
2026-03-01,Cerbi.Governance.Runtime,4995,1.1.10
2026-03-01,Cerbi.MEL.Governance,9513,1.0.53
2026-03-01,Cerbi.NLog.GovernanceAnalyzer,38,1.1.15
2026-03-01,Cerbi.Serilog.Governance,160,1.3.0
2026-03-01,Cerbi.Serilog.GovernanceAnalyzer,3336,1.3.50
2026-03-01,CerbiSharp.Infrastructure.Autofact,189,1.0.0
2026-03-01,CerbiShield.Authentication-Shared,1027,1.2.0
2026-03-01,CerbiShield.Contracts,303,1.2.1
2026-03-01,CerbiStream,15946,1.1.102
2026-03-01,CerbiStream.GovernanceAnalyzer,10327,1.5.49
2026-03-02,Cerbi.CerbiShield.Contracts,1915,0.2.0
2026-03-02,Cerbi.CerbiStream.Auth,1034,1.0.2
2026-03-02,Cerbi.Governance.Core,7362,2.0.22
2026-03-02,Cerbi.Governance.Runtime,5057,1.1.10
2026-03-02,Cerbi.MEL.Governance,9557,1.0.53
2026-03-02,Cerbi.NLog.GovernanceAnalyzer,49,1.1.15
2026-03-02,Cerbi.Serilog.Governance,160,1.3.0
2026-03-02,Cerbi.Serilog.GovernanceAnalyzer,3350,1.3.50
2026-03-02,CerbiSharp.Infrastructure.Autofact,190,1.0.0
2026-03-02,CerbiShield.Authentication-Shared,1080,1.2.0
2026-03-02,CerbiShield.Contracts,357,1.2.1
2026-03-02,CerbiStream,16017,1.1.102
2026-03-02,CerbiStream.GovernanceAnalyzer,10333,1.5.49
2026-03-03,Cerbi.CerbiShield.Contracts,1938,0.2.0
2026-03-03,Cerbi.CerbiStream.Auth,1055,1.0.2
2026-03-03,Cerbi.Governance.Core,7455,2.0.22
2026-03-03,Cerbi.Governance.Runtime,5119,1.1.10
2026-03-03,Cerbi.MEL.Governance,9571,1.0.53
2026-03-03,Cerbi.NLog.GovernanceAnalyzer,51,1.1.15
2026-03-03,Cerbi.Serilog.Governance,160,1.3.0
2026-03-03,Cerbi.Serilog.GovernanceAnalyzer,3356,1.3.50
2026-03-03,CerbiSharp.Infrastructure.Autofact,190,1.0.0
2026-03-03,CerbiShield.Authentication-Shared,1143,1.2.0
2026-03-03,CerbiShield.Contracts,408,1.2.1
2026-03-03,CerbiStream,16085,1.1.102
2026-03-03,CerbiStream.GovernanceAnalyzer,10337,1.5.49
2026-03-04,Cerbi.CerbiShield.Contracts,1995,0.2.0
2026-03-04,Cerbi.CerbiStream.Auth,1074,1.0.2
2026-03-04,Cerbi.Governance.Core,7628,2.0.22
2026-03-04,Cerbi.Governance.Runtime,5188,1.1.10
2026-03-04,Cerbi.MEL.Governance,9681,1.0.53
2026-03-04,Cerbi.NLog.GovernanceAnalyzer,85,1.1.15
2026-03-04,Cerbi.Serilog.Governance,161,1.3.0
2026-03-04,Cerbi.Serilog.GovernanceAnalyzer,3365,1.3.50
2026-03-04,CerbiSharp.Infrastructure.Autofact,190,1.0.0
2026-03-04,CerbiShield.Authentication-Shared,1185,1.2.0
2026-03-04,CerbiShield.Contracts,465,1.2.1
2026-03-04,CerbiStream,16139,1.1.102
2026-03-04,CerbiStream.GovernanceAnalyzer,10345,1.5.49
2026-03-05,Cerbi.CerbiShield.Contracts,1997,0.2.0
2026-03-05,Cerbi.CerbiStream.Auth,1076,1.0.2
2026-03-05,Cerbi.Governance.Core,7648,2.0.22
2026-03-05,Cerbi.Governance.Runtime,5197,1.1.10
2026-03-05,Cerbi.MEL.Governance,9724,1.0.53
2026-03-05,Cerbi.NLog.GovernanceAnalyzer,85,1.1.15
2026-03-05,Cerbi.Serilog.Governance,162,1.3.0
2026-03-05,Cerbi.Serilog.GovernanceAnalyzer,3383,1.3.50
2026-03-05,CerbiSharp.Infrastructure.Autofact,191,1.0.0
2026-03-05,CerbiShield.Authentication-Shared,1187,1.2.0
2026-03-05,CerbiShield.Contracts,497,1.2.1
2026-03-05,CerbiStream,16199,1.1.102
2026-03-05,CerbiStream.GovernanceAnalyzer,10371,1.5.49
2026-03-06,Cerbi.CerbiShield.Contracts,2014,0.2.0
2026-03-06,Cerbi.CerbiStream.Auth,1077,1.0.2
2026-03-06,Cerbi.Governance.Core,7758,2.0.22
2026-03-06,Cerbi.Governance.Runtime,5283,1.1.10
2026-03-06,Cerbi.MEL.Governance,9773,1.0.53
2026-03-06,Cerbi.NLog.GovernanceAnalyzer,89,1.1.15
2026-03-06,Cerbi.Serilog.Governance,164,1.3.0
2026-03-06,Cerbi.Serilog.GovernanceAnalyzer,3414,1.3.50
2026-03-06,CerbiSharp.Infrastructure.Autofact,193,1.0.0
2026-03-06,CerbiShield.Authentication-Shared,1261,1.2.0
2026-03-06,CerbiShield.Contracts,583,1.2.1
2026-03-06,CerbiStream,16394,1.1.102
2026-03-06,CerbiStream.GovernanceAnalyzer,10412,1.5.49
2026-03-07,Cerbi.CerbiShield.Contracts,2025,0.2.0
2026-03-07,Cerbi.CerbiStream.Auth,1089,1.0.2
2026-03-07,Cerbi.Governance.Core,7793,2.0.22
2026-03-07,Cerbi.Governance.Runtime,5309,1.1.10
2026-03-07,Cerbi.MEL.Governance,9780,1.0.53
2026-03-07,Cerbi.NLog.GovernanceAnalyzer,91,1.1.15
2026-03-07,Cerbi.Serilog.Governance,164,1.3.0
2026-03-07,Cerbi.Serilog.GovernanceAnalyzer,3415,1.3.50
2026-03-07,CerbiSharp.Infrastructure.Autofact,193,1.0.0
2026-03-07,CerbiShield.Authentication-Shared,1295,1.2.0
2026-03-07,CerbiShield.Contracts,603,1.2.1
2026-03-07,CerbiStream,16425,1.1.102
2026-03-07,CerbiStream.GovernanceAnalyzer,10415,1.5.49
2026-03-08,Cerbi.CerbiShield.Contracts,2028,0.2.0
2026-03-08,Cerbi.CerbiStream.Auth,1090,1.0.2
2026-03-08,Cerbi.Governance.Core,7797,2.0.22
2026-03-08,Cerbi.Governance.Runtime,5317,1.1.10
2026-03-08,Cerbi.MEL.Governance,9787,1.0.53
2026-03-08,Cerbi.NLog.GovernanceAnalyzer,92,1.1.15
2026-03-08,Cerbi.Serilog.Governance,164,1.3.0
2026-03-08,Cerbi.Serilog.GovernanceAnalyzer,3418,1.3.50
2026-03-08,CerbiSharp.Infrastructure.Autofact,193,1.0.0
2026-03-08,CerbiShield.Authentication-Shared,1298,1.2.0
2026-03-08,CerbiShield.Contracts,617,1.2.1
2026-03-08,CerbiStream,16432,1.1.102
2026-03-08,CerbiStream.GovernanceAnalyzer,10423,1.5.49
2026-03-09,Cerbi.CerbiShield.Contracts,2030,0.2.0
2026-03-09,Cerbi.CerbiStream.Auth,1090,1.0.2
2026-03-09,Cerbi.Governance.Core,7808,2.0.22
2026-03-09,Cerbi.Governance.Runtime,5320,1.1.10
2026-03-09,Cerbi.MEL.Governance,9805,1.0.53
2026-03-09,Cerbi.NLog.GovernanceAnalyzer,92,1.1.15
2026-03-09,Cerbi.Serilog.Governance,165,1.3.0
2026-03-09,Cerbi.Serilog.GovernanceAnalyzer,3420,1.3.50
2026-03-09,CerbiSharp.Infrastructure.Autofact,193,1.0.0
2026-03-09,CerbiShield.Authentication-Shared,1298,1.2.0
2026-03-09,CerbiShield.Contracts,622,1.2.1
2026-03-09,CerbiStream,16451,1.1.102
2026-03-09,CerbiStream.GovernanceAnalyzer,10443,1.5.49
2026-03-10,Cerbi.CerbiShield.Contracts,2032,0.2.0
2026-03-10,Cerbi.CerbiStream.Auth,1098,1.0.2
2026-03-10,Cerbi.Governance.Core,7822,2.0.22
2026-03-10,Cerbi.Governance.Runtime,5328,1.1.10
2026-03-10,Cerbi.MEL.Governance,9843,1.0.53
2026-03-10,Cerbi.NLog.GovernanceAnalyzer,92,1.1.15
2026-03-10,Cerbi.Serilog.Governance,165,1.3.0
2026-03-10,Cerbi.Serilog.GovernanceAnalyzer,3425,1.3.50
2026-03-10,CerbiSharp.Infrastructure.Autofact,193,1.0.0
2026-03-10,CerbiShield.Authentication-Shared,1310,1.2.0
2026-03-10,CerbiShield.Contracts,633,1.2.1
2026-03-10,CerbiStream,16471,1.1.102
2026-03-10,CerbiStream.GovernanceAnalyzer,10448,1.5.49
2026-03-11,Cerbi.CerbiShield.Contracts,2037,0.2.0
2026-03-11,Cerbi.CerbiStream.Auth,1101,1.0.2
2026-03-11,Cerbi.Governance.Core,7842,2.0.22
2026-03-11,Cerbi.Governance.Runtime,5340,1.1.10
2026-03-11,Cerbi.MEL.Governance,9871,1.0.53
2026-03-11,Cerbi.NLog.GovernanceAnalyzer,94,1.1.15
2026-03-11,Cerbi.Serilog.Governance,169,1.3.0
2026-03-11,Cerbi.Serilog.GovernanceAnalyzer,3449,1.3.50
2026-03-11,CerbiSharp.Infrastructure.Autofact,194,1.0.0
2026-03-11,CerbiShield.Authentication-Shared,1320,1.2.0
2026-03-11,CerbiShield.Contracts,649,1.2.1
2026-03-11,CerbiStream,16503,1.1.102
2026-03-11,CerbiStream.GovernanceAnalyzer,10467,1.5.49
2026-03-12,Cerbi.CerbiShield.Contracts,2039,0.2.0
2026-03-12,Cerbi.CerbiStream.Auth,1101,1.0.2
2026-03-12,Cerbi.Governance.Core,7847,2.0.22
2026-03-12,Cerbi.Governance.Runtime,5344,1.1.10
2026-03-12,Cerbi.MEL.Governance,9876,1.0.53
2026-03-12,Cerbi.NLog.GovernanceAnalyzer,94,1.1.15
2026-03-12,Cerbi.Serilog.Governance,170,1.3.0
2026-03-12,Cerbi.Serilog.GovernanceAnalyzer,3452,1.3.50
2026-03-12,CerbiSharp.Infrastructure.Autofact,194,1.0.0
2026-03-12,CerbiShield.Authentication-Shared,1320,1.2.0
2026-03-12,CerbiShield.Contracts,651,1.2.1
2026-03-12,CerbiStream,16507,1.1.102
2026-03-12,CerbiStream.GovernanceAnalyzer,10468,1.5.49
2026-03-13,Cerbi.AspNetCore.Governance,17,1.0.0
2026-03-13,Cerbi.CerbiShield.Contracts,2040,0.2.0
2026-03-13,Cerbi.CerbiStream.Auth,1101,1.0.2
2026-03-13,Cerbi.Governance.Core,7852,2.0.22
2026-03-13,Cerbi.Governance.Runtime,5346,1.1.10
2026-03-13,Cerbi.Governance.Schemas,20,1.0.2
2026-03-13,Cerbi.MEL.Governance,9896,1.0.53
2026-03-13,Cerbi.NLog.GovernanceAnalyzer,94,1.1.15
2026-03-13,Cerbi.Serilog.Governance,170,1.3.0
2026-03-13,Cerbi.Serilog.GovernanceAnalyzer,3455,1.3.50
2026-03-13,Cerbi.Signatures.Api,0,1.0.2
2026-03-13,Cerbi.Signatures.Audit,17,1.0.2
2026-03-13,Cerbi.Signatures.Security,17,1.0.2
2026-03-13,CerbiSharp.Infrastructure.Autofact,194,1.0.0
2026-03-13,CerbiShield.Authentication-Shared,1320,1.2.0
2026-03-13,CerbiShield.Contracts,653,1.2.1
2026-03-13,CerbiStream,16527,1.1.102
2026-03-13,CerbiStream.GovernanceAnalyzer,10480,1.5.49
2026-03-14,Cerbi.AspNetCore.Governance,36,1.0.0
2026-03-14,Cerbi.CerbiShield.Contracts,2043,0.2.0
2026-03-14,Cerbi.CerbiStream.Auth,1101,1.0.2
2026-03-14,Cerbi.Governance.Core,7860,2.0.22
2026-03-14,Cerbi.Governance.Runtime,5350,1.1.10
2026-03-14,Cerbi.Governance.Schemas,68,1.0.2
2026-03-14,Cerbi.MEL.Governance,9904,1.0.53
2026-03-14,Cerbi.NLog.GovernanceAnalyzer,94,1.1.15
2026-03-14,Cerbi.Serilog.Governance,170,1.3.0
2026-03-14,Cerbi.Serilog.GovernanceAnalyzer,3459,1.3.50
2026-03-14,Cerbi.Signatures.Api,33,1.0.2
2026-03-14,Cerbi.Signatures.Audit,62,1.0.2
2026-03-14,Cerbi.Signatures.Security,62,1.0.2
2026-03-14,CerbiSharp.Infrastructure.Autofact,194,1.0.0
2026-03-14,CerbiShield.Authentication-Shared,1321,1.2.0
2026-03-14,CerbiShield.Contracts,656,1.2.1
2026-03-14,CerbiStream,16535,1.1.102
2026-03-14,CerbiStream.GovernanceAnalyzer,10482,1.5.49
2026-03-15,Cerbi.AspNetCore.Governance,36,1.0.0
2026-03-15,Cerbi.CerbiShield.Contracts,2045,0.2.0
2026-03-15,Cerbi.CerbiStream.Auth,1101,1.0.2
2026-03-15,Cerbi.Governance.Core,7866,2.0.22
2026-03-15,Cerbi.Governance.Runtime,5355,1.1.10
2026-03-15,Cerbi.Governance.Schemas,68,1.0.2
2026-03-15,Cerbi.MEL.Governance,9920,1.0.53
2026-03-15,Cerbi.NLog.GovernanceAnalyzer,94,1.1.15
2026-03-15,Cerbi.Serilog.Governance,170,1.3.0
2026-03-15,Cerbi.Serilog.GovernanceAnalyzer,3460,1.3.50
2026-03-15,Cerbi.Signatures.Api,33,1.0.2
2026-03-15,Cerbi.Signatures.Audit,62,1.0.2
2026-03-15,Cerbi.Signatures.Security,62,1.0.2
2026-03-15,CerbiSharp.Infrastructure.Autofact,194,1.0.0
2026-03-15,CerbiShield.Authentication-Shared,1321,1.2.0
2026-03-15,CerbiShield.Contracts,658,1.2.1
2026-03-15,CerbiStream,16541,1.1.102
2026-03-15,CerbiStream.GovernanceAnalyzer,10492,1.5.49
2026-03-16,Cerbi.AspNetCore.Governance,36,1.0.0
2026-03-16,Cerbi.CerbiShield.Contracts,2049,0.2.0
2026-03-16,Cerbi.CerbiStream.Auth,1101,1.0.2
2026-03-16,Cerbi.Governance.Core,7872,2.0.22
2026-03-16,Cerbi.Governance.Runtime,5359,1.1.10
2026-03-16,Cerbi.Governance.Schemas,69,1.0.2
2026-03-16,Cerbi.MEL.Governance,9930,1.0.53
2026-03-16,Cerbi.NLog.GovernanceAnalyzer,94,1.1.15
2026-03-16,Cerbi.Serilog.Governance,170,1.3.0
2026-03-16,Cerbi.Serilog.GovernanceAnalyzer,3463,1.3.50
2026-03-16,Cerbi.Signatures.Api,33,1.0.2
2026-03-16,Cerbi.Signatures.Audit,62,1.0.2
2026-03-16,Cerbi.Signatures.Security,62,1.0.2
2026-03-16,CerbiSharp.Infrastructure.Autofact,194,1.0.0
2026-03-16,CerbiShield.Authentication-Shared,1321,1.2.0
2026-03-16,CerbiShield.Contracts,660,1.2.1
2026-03-16,CerbiStream,16557,1.1.102
2026-03-16,CerbiStream.GovernanceAnalyzer,10502,1.5.49
2026-03-17,Cerbi.AspNetCore.Governance,36,1.0.0
2026-03-17,Cerbi.CerbiShield.Contracts,2051,0.2.0
2026-03-17,Cerbi.CerbiStream.Auth,1102,1.0.2
2026-03-17,Cerbi.Governance.Core,7877,2.2.29
2026-03-17,Cerbi.Governance.Runtime,5362,2.0.23
2026-03-17,Cerbi.Governance.Schemas,73,1.0.2
2026-03-17,Cerbi.MEL.Governance,9945,1.0.53
2026-03-17,Cerbi.NLog.GovernanceAnalyzer,94,1.1.16
2026-03-17,Cerbi.Serilog.Governance,170,1.3.0
2026-03-17,Cerbi.Serilog.GovernanceAnalyzer,3467,1.3.52
2026-03-17,Cerbi.Signatures.Api,33,1.0.2
2026-03-17,Cerbi.Signatures.Audit,62,1.0.2
2026-03-17,Cerbi.Signatures.Security,62,1.0.2
2026-03-17,CerbiSharp.Infrastructure.Autofact,194,1.0.0
2026-03-17,CerbiShield.Authentication-Shared,1321,1.2.0
2026-03-17,CerbiShield.Contracts,662,1.2.1
2026-03-17,CerbiStream,16571,1.1.102
2026-03-17,CerbiStream.GovernanceAnalyzer,10507,1.5.49
2026-03-18,Cerbi.AspNetCore.Governance,45,1.0.1
2026-03-18,Cerbi.CerbiShield.Contracts,2062,0.2.0
2026-03-18,Cerbi.CerbiStream.Auth,1103,1.0.2
2026-03-18,Cerbi.Governance.Core,8160,2.2.29
2026-03-18,Cerbi.Governance.Runtime,5396,2.0.23
2026-03-18,Cerbi.Governance.Schemas,111,1.0.2
2026-03-18,Cerbi.GovernanceAnalyzer,3,1.0.0
2026-03-18,Cerbi.MEL.Governance,9971,1.0.53
2026-03-18,Cerbi.NLog.GovernanceAnalyzer,132,1.1.16
2026-03-18,Cerbi.Serilog.Governance,170,1.3.0
2026-03-18,Cerbi.Serilog.GovernanceAnalyzer,3508,1.3.53
2026-03-18,Cerbi.Signatures.Api,36,1.0.2
2026-03-18,Cerbi.Signatures.Audit,68,1.0.2
2026-03-18,Cerbi.Signatures.Security,146,1.0.2
2026-03-18,CerbiSharp.Infrastructure.Autofact,194,1.0.0
2026-03-18,CerbiShield.Authentication-Shared,1321,1.2.0
2026-03-18,CerbiShield.Contracts,752,1.2.1
2026-03-18,CerbiStream,16592,1.1.102
2026-03-18,CerbiStream.GovernanceAnalyzer,10519,1.5.49
2026-03-19,Cerbi.AspNetCore.Governance,98,1.0.1
2026-03-19,Cerbi.CerbiShield.Contracts,2068,0.2.0
2026-03-19,Cerbi.CerbiStream.Auth,1103,1.0.2
2026-03-19,Cerbi.Governance.Core,8254,2.2.29
2026-03-19,Cerbi.Governance.Runtime,5419,2.0.23
2026-03-19,Cerbi.Governance.Schemas,161,1.0.2
2026-03-19,Cerbi.GovernanceAnalyzer,32,1.0.0
2026-03-19,Cerbi.MEL.Governance,9977,1.0.53
2026-03-19,Cerbi.NLog.GovernanceAnalyzer,146,1.1.16
2026-03-19,Cerbi.Serilog.Governance,170,1.3.0
2026-03-19,Cerbi.Serilog.GovernanceAnalyzer,3543,1.3.53
2026-03-19,Cerbi.Signatures.Api,50,1.0.2
2026-03-19,Cerbi.Signatures.Audit,148,1.0.2
2026-03-19,Cerbi.Signatures.Security,149,1.0.2
2026-03-19,CerbiSharp.Infrastructure.Autofact,194,1.0.0
2026-03-19,CerbiShield.Authentication-Shared,1322,1.2.0
2026-03-19,CerbiShield.Contracts,769,1.2.1
2026-03-19,CerbiStream,16624,1.1.102
2026-03-19,CerbiStream.GovernanceAnalyzer,10528,1.5.49
2026-03-20,Cerbi.AspNetCore.Governance,164,1.0.1
2026-03-20,Cerbi.CerbiShield.Contracts,2078,0.2.0
2026-03-20,Cerbi.CerbiStream.Auth,1105,1.0.2
2026-03-20,Cerbi.Governance.Core,8280,2.2.29
2026-03-20,Cerbi.Governance.Runtime,5460,2.0.23
2026-03-20,Cerbi.Governance.Schemas,279,1.0.2
2026-03-20,Cerbi.GovernanceAnalyzer,35,1.0.0
2026-03-20,Cerbi.MEL.Governance,9985,1.0.53
2026-03-20,Cerbi.NLog.GovernanceAnalyzer,149,1.1.16
2026-03-20,Cerbi.Serilog.Governance,172,1.3.0
2026-03-20,Cerbi.Serilog.GovernanceAnalyzer,3605,1.3.53
2026-03-20,Cerbi.Signatures.Api,108,1.0.2
2026-03-20,Cerbi.Signatures.Audit,152,1.0.2
2026-03-20,Cerbi.Signatures.Security,155,1.0.2
2026-03-20,CerbiSharp.Infrastructure.Autofact,196,1.0.0
2026-03-20,CerbiShield.Authentication-Shared,1323,1.2.0
2026-03-20,CerbiShield.Contracts,790,1.2.1
2026-03-20,CerbiStream,16638,1.1.102
2026-03-20,CerbiStream.GovernanceAnalyzer,10537,1.5.49
2026-03-21,Cerbi.AspNetCore.Governance,164,1.0.1
2026-03-21,Cerbi.CerbiShield.Contracts,2091,0.2.0
2026-03-21,Cerbi.CerbiStream.Auth,1105,1.0.2
2026-03-21,Cerbi.Governance.Core,8325,2.2.29
2026-03-21,Cerbi.Governance.Runtime,5514,2.0.23
2026-03-21,Cerbi.Governance.Schemas,283,1.0.2
2026-03-21,Cerbi.GovernanceAnalyzer,35,1.0.0
2026-03-21,Cerbi.MEL.Governance,9991,1.0.53
2026-03-21,Cerbi.NLog.GovernanceAnalyzer,149,1.1.16
2026-03-21,Cerbi.Serilog.Governance,173,1.3.0
2026-03-21,Cerbi.Serilog.GovernanceAnalyzer,3648,1.3.53
2026-03-21,Cerbi.Signatures.Api,118,1.0.2
2026-03-21,Cerbi.Signatures.Audit,152,1.0.2
2026-03-21,Cerbi.Signatures.FedRamp,0,1.0.0
2026-03-21,Cerbi.Signatures.Ferpa,0,1.0.0
2026-03-21,Cerbi.Signatures.Financial,0,1.0.0
2026-03-21,Cerbi.Signatures.Gdpr,0,1.0.0
2026-03-21,Cerbi.Signatures.Hipaa,0,1.0.0
2026-03-21,Cerbi.Signatures.Iso27001,0,1.0.0
2026-03-21,Cerbi.Signatures.Observability,0,1.0.0
2026-03-21,Cerbi.Signatures.Pci,0,1.0.0
2026-03-21,Cerbi.Signatures.Pii,0,1.0.0
2026-03-21,Cerbi.Signatures.Pipeda,0,1.0.0
2026-03-21,Cerbi.Signatures.Security,155,1.0.2
2026-03-21,Cerbi.Signatures.Soc2,0,1.0.0
2026-03-21,CerbiSharp.Infrastructure.Autofact,196,1.0.0
2026-03-21,CerbiShield.Authentication-Shared,1341,1.2.0
2026-03-21,CerbiShield.Contracts,829,1.2.1
2026-03-21,CerbiStream,16676,1.1.103
2026-03-21,CerbiStream.GovernanceAnalyzer,10543,1.5.49
2026-03-22,Cerbi.AspNetCore.Governance,164,1.0.1
2026-03-22,Cerbi.CerbiShield.Contracts,2093,0.2.0
2026-03-22,Cerbi.CerbiStream.Auth,1105,1.0.2
2026-03-22,Cerbi.Governance.Core,8333,2.2.29
2026-03-22,Cerbi.Governance.Runtime,5519,2.0.23
2026-03-22,Cerbi.Governance.Schemas,294,1.0.2
2026-03-22,Cerbi.GovernanceAnalyzer,35,1.0.0
2026-03-22,Cerbi.MEL.Governance,10001,1.0.53
2026-03-22,Cerbi.NLog.GovernanceAnalyzer,149,1.1.16
2026-03-22,Cerbi.Serilog.Governance,173,1.3.0
2026-03-22,Cerbi.Serilog.GovernanceAnalyzer,3648,1.3.53
2026-03-22,Cerbi.Signatures.Api,118,1.0.2
2026-03-22,Cerbi.Signatures.Audit,152,1.0.2
2026-03-22,Cerbi.Signatures.FedRamp,28,1.0.0
2026-03-22,Cerbi.Signatures.Ferpa,28,1.0.0
2026-03-22,Cerbi.Signatures.Financial,30,1.0.0
2026-03-22,Cerbi.Signatures.Gdpr,27,1.0.0
2026-03-22,Cerbi.Signatures.Hipaa,25,1.0.0
2026-03-22,Cerbi.Signatures.Iso27001,28,1.0.0
2026-03-22,Cerbi.Signatures.Observability,28,1.0.0
2026-03-22,Cerbi.Signatures.Pci,30,1.0.0
2026-03-22,Cerbi.Signatures.Pii,27,1.0.0
2026-03-22,Cerbi.Signatures.Pipeda,28,1.0.0
2026-03-22,Cerbi.Signatures.Security,155,1.0.2
2026-03-22,Cerbi.Signatures.Soc2,28,1.0.0
2026-03-22,CerbiSharp.Infrastructure.Autofact,196,1.0.0
2026-03-22,CerbiShield.Authentication-Shared,1341,1.2.0
2026-03-22,CerbiShield.Contracts,838,1.2.1
2026-03-22,CerbiStream,16691,1.1.103
2026-03-22,CerbiStream.GovernanceAnalyzer,10549,1.5.49
